{
    "metrics": {
        "iterations": {
            "rate": 645.6008051187995,
            "count": 6466
        },
        "checks": {
            "passes": 6466,
            "fails": 0,
            "value": 1
        },
        "http_req_duration": {
            "max": 71.804208,
            "p(90)": 28.223918,
            "p(95)": 34.15802925,
            "avg": 15.329190302814697,
            "min": 0.886089,
            "med": 13.632113499999999
        },
        "http_req_tls_handshaking": {
            "avg": 0,
            "min": 0,
            "med": 0,
            "max": 0,
            "p(90)": 0,
            "p(95)": 0
        },
        "http_req_waiting": {
            "avg": 15.245650480204104,
            "min": 0.827284,
            "med": 13.544194000000001,
            "max": 71.737377,
            "p(90)": 28.1399585,
            "p(95)": 34.06151925
        },
        "http_req_failed": {
            "passes": 0,
            "fails": 6466,
            "value": 0
        },
        "http_req_connecting": {
            "min": 0,
            "med": 0,
            "max": 2.221762,
            "p(90)": 0,
            "p(95)": 0,
            "avg": 0.0014647084751005259
        },
        "data_received": {
            "count": 1538908,
            "rate": 153652.99161827427
        },
        "http_req_duration{expected_response:true}": {
            "max": 71.804208,
            "p(90)": 28.223918,
            "p(95)": 34.15802925,
            "avg": 15.329190302814697,
            "min": 0.886089,
            "med": 13.632113499999999
        },
        "http_reqs": {
            "count": 6466,
            "rate": 645.6008051187995
        },
        "iteration_duration": {
            "avg": 15.462353418032718,
            "min": 0.975545,
            "med": 13.750422,
            "max": 71.916258,
            "p(90)": 28.3831825,
            "p(95)": 34.26196175
        },
        "vus": {
            "value": 10,
            "min": 10,
            "max": 10
        },
        "vus_max": {
            "min": 10,
            "max": 10,
            "value": 10
        },
        "http_req_receiving": {
            "p(90)": 0.085751,
            "p(95)": 0.09857175,
            "avg": 0.06409406510980538,
            "min": 0.008825,
            "med": 0.059364,
            "max": 5.028255
        },
        "http_req_sending": {
            "avg": 0.019445757500773292,
            "min": 0.003137,
            "med": 0.011443,
            "max": 9.698628,
            "p(90)": 0.018625000000000003,
            "p(95)": 0.02255325
        },
        "data_sent": {
            "count": 517280,
            "rate": 51648.06440950395
        },
        "http_req_blocked": {
            "p(95)": 0.00560775,
            "avg": 0.005077297556449124,
            "min": 0.000633,
            "med": 0.002865,
            "max": 2.358913,
            "p(90)": 0.004673
        }
    },
    "root_group": {
        "name": "",
        "path": "",
        "id": "d41d8cd98f00b204e9800998ecf8427e",
        "groups": {},
        "checks": {
                "is status 200": {
                    "id": "548d37ca5f33793206f7832e7cea54fb",
                    "passes": 6466,
                    "fails": 0,
                    "name": "is status 200",
                    "path": "::is status 200"
                }
            }
    }
}