{
    "root_group": {
        "name": "",
        "path": "",
        "id": "d41d8cd98f00b204e9800998ecf8427e",
        "groups": {},
        "checks": {
                "is status 200": {
                    "passes": 7005,
                    "fails": 0,
                    "name": "is status 200",
                    "path": "::is status 200",
                    "id": "548d37ca5f33793206f7832e7cea54fb"
                }
            }
    },
    "metrics": {
        "http_req_duration": {
            "p(95)": 31.77532619999999,
            "avg": 14.144678844825163,
            "min": 0.599055,
            "med": 12.11883,
            "max": 111.125785,
            "p(90)": 26.948378800000008
        },
        "http_req_waiting": {
            "avg": 14.06984355231975,
            "min": 0.570201,
            "med": 12.057985,
            "max": 111.048109,
            "p(90)": 26.850315000000002,
            "p(95)": 31.700372799999997
        },
        "iterations": {
            "count": 7005,
            "rate": 700.0961363119515
        },
        "http_req_tls_handshaking": {
            "max": 0,
            "p(90)": 0,
            "p(95)": 0,
            "avg": 0,
            "min": 0,
            "med": 0
        },
        "checks": {
            "passes": 7005,
            "fails": 0,
            "value": 1
        },
        "data_received": {
            "count": 1667190,
            "rate": 166622.88044224447
        },
        "vus": {
            "value": 10,
            "min": 10,
            "max": 10
        },
        "http_req_duration{expected_response:true}": {
            "avg": 14.144678844825163,
            "min": 0.599055,
            "med": 12.11883,
            "max": 111.125785,
            "p(90)": 26.948378800000008,
            "p(95)": 31.77532619999999
        },
        "http_req_receiving": {
            "avg": 0.061616223126338264,
            "min": 0.009177,
            "med": 0.058129,
            "max": 5.080493,
            "p(90)": 0.0855762,
            "p(95)": 0.09980499999999998
        },
        "vus_max": {
            "max": 10,
            "value": 10,
            "min": 10
        },
        "iteration_duration": {
            "p(90)": 27.108413000000002,
            "p(95)": 31.909589399999994,
            "avg": 14.2672020666667,
            "min": 0.660017,
            "med": 12.241286,
            "max": 111.24916
        },
        "http_req_connecting": {
            "med": 0,
            "max": 0.844914,
            "p(90)": 0,
            "p(95)": 0,
            "avg": 0.0005496606709493219,
            "min": 0
        },
        "http_req_sending": {
            "avg": 0.013219069379014998,
            "min": 0.003065,
            "med": 0.010756,
            "max": 1.258292,
            "p(90)": 0.017841000000000006,
            "p(95)": 0.02094679999999999
        },
        "data_sent": {
            "count": 560400,
            "rate": 56007.69090495612
        },
        "http_req_failed": {
            "passes": 0,
            "fails": 7005,
            "value": 0
        },
        "http_req_blocked": {
            "avg": 0.0036593541755888604,
            "min": 0.000606,
            "med": 0.00272,
            "max": 0.90176,
            "p(90)": 0.004484,
            "p(95)": 0.005344399999999997
        },
        "http_reqs": {
            "count": 7005,
            "rate": 700.0961363119515
        }
    }
}